"HostName","DisplayName","Name","State","UserName","InstallDate","Started","Status","ProcessId","PathName","Error"
"DC-SRV01","Active Directory Web Services","ADWS","Running",,,"True","OK","1808","C:\Windows\ADWS\Microsoft.ActiveDirectory.WebServices.exe",
"DC-SRV01","AllJoyn Router Service","AJRouter","Stopped",,,"False","OK","0","C:\Windows\system32\svchost.exe -k LocalServiceNetworkRestricted -p",
"DC-SRV01","Application Layer Gateway Service","ALG","Stopped",,,"False","OK","0","C:\Windows\System32\alg.exe",
"DC-SRV01","Application Host Helper Service","AppHostSvc","Running",,,"True","OK","320","C:\Windows\system32\svchost.exe -k apphost",
"DC-SRV01","Application Identity","AppIDSvc","Stopped",,,"False","OK","0","C:\Windows\system32\svchost.exe -k LocalServiceNetworkRestricted -p",
"DC-SRV01","Application Information","Appinfo","Stopped",,,"False","OK","0","C:\Windows\system32\svchost.exe -k netsvcs -p",
"DC-SRV01","Application Management","AppMgmt","Stopped",,,"False","OK","0","C:\Windows\system32\svchost.exe -k netsvcs -p",
"DC-SRV01","App Readiness","AppReadiness","Stopped",,,"False","OK","0","C:\Windows\System32\svchost.exe -k AppReadiness -p",
"DC-SRV01","Microsoft App-V Client","AppVClient","Stopped",,,"False","OK","0","C:\Windows\system32\AppVClient.exe",
"DC-SRV01","AppX Deployment Service (AppXSVC)","AppXSvc","Running",,,"True","OK","5544","C:\Windows\system32\svchost.exe -k wsappx -p",
"DC-SRV01","ASP.NET State Service","aspnet_state","Stopped",,,"False","OK","0","C:\Windows\Microsoft.NET\Framework64\v4.0.30319\aspnet_state.exe",
"DC-SRV01","Windows Audio Endpoint Builder","AudioEndpointBuilder","Stopped",,,"False","OK","0","C:\Windows\System32\svchost.exe -k LocalSystemNetworkRestricted -p",
"DC-SRV01","Windows Audio","Audiosrv","Stopped",,,"False","OK","0","C:\Windows\System32\svchost.exe -k LocalServiceNetworkRestricted -p",
"DC-SRV01","ActiveX Installer (AxInstSV)","AxInstSV","Stopped",,,"False","OK","0","C:\Windows\system32\svchost.exe -k AxInstSVGroup",
"DC-SRV01","Base Filtering Engine","BFE","Running",,,"True","OK","1084","C:\Windows\system32\svchost.exe -k LocalServiceNoNetworkFirewall -p",
"DC-SRV01","Background Intelligent Transfer Service","BITS","Running",,,"True","OK","1204","C:\Windows\System32\svchost.exe -k netsvcs -p",
"DC-SRV01","Background Tasks Infrastructure Service","BrokerInfrastructure","Running",,,"True","OK","808","C:\Windows\system32\svchost.exe -k DcomLaunch -p",
"DC-SRV01","Bluetooth Support Service","bthserv","Stopped",,,"False","OK","0","C:\Windows\system32\svchost.exe -k LocalService -p",
"DC-SRV01","Capability Access Manager Service","camsvc","Running",,,"True","OK","8","C:\Windows\system32\svchost.exe -k appmodel -p",
"DC-SRV01","Connected Devices Platform Service","CDPSvc","Running",,,"True","OK","332","C:\Windows\system32\svchost.exe -k LocalService -p",
"DC-SRV01","Certificate Propagation","CertPropSvc","Stopped",,,"False","OK","0","C:\Windows\system32\svchost.exe -k netsvcs",
"DC-SRV01","Active Directory Certificate Services","CertSvc","Running",,,"True","OK","1544","C:\Windows\system32\certsrv.exe",
"DC-SRV01","Client License Service (ClipSVC)","ClipSVC","Running",,,"True","OK","5544","C:\Windows\System32\svchost.exe -k wsappx -p",
"DC-SRV01","COM+ System Application","COMSysApp","Stopped",,,"False","OK","0","C:\Windows\system32\dllhost.exe /Processid:{02D4B3F1-FD88-11D1-960D-00805FC79235}",
"DC-SRV01","CoreMessaging","CoreMessagingRegistrar","Running",,,"True","OK","1824","C:\Windows\system32\svchost.exe -k LocalServiceNoNetwork -p",
"DC-SRV01","Cryptographic Services","CryptSvc","Running",,,"True","OK","752","C:\Windows\system32\svchost.exe -k NetworkService -p",
"DC-SRV01","Offline Files","CscService","Stopped",,,"False","OK","0","C:\Windows\System32\svchost.exe -k LocalSystemNetworkRestricted -p",
"DC-SRV01","DCOM Server Process Launcher","DcomLaunch","Running",,,"True","OK","808","C:\Windows\system32\svchost.exe -k DcomLaunch -p",
"DC-SRV01","Optimize drives","defragsvc","Stopped",,,"False","OK","0","C:\Windows\system32\svchost.exe -k defragsvc",
"DC-SRV01","Device Association Service","DeviceAssociationService","Stopped",,,"False","OK","0","C:\Windows\system32\svchost.exe -k LocalSystemNetworkRestricted -p",
"DC-SRV01","Device Install Service","DeviceInstall","Stopped",,,"False","OK","0","C:\Windows\system32\svchost.exe -k DcomLaunch -p",
"DC-SRV01","DevQuery Background Discovery Broker","DevQueryBroker","Stopped",,,"False","OK","0","C:\Windows\system32\svchost.exe -k LocalSystemNetworkRestricted -p",
"DC-SRV01","DFS Namespace","Dfs","Running",,,"True","OK","1964","C:\Windows\system32\dfssvc.exe",
"DC-SRV01","DFS Replication","DFSR","Running",,,"True","OK","5708","C:\Windows\system32\DFSRs.exe",
"DC-SRV01","DHCP Client","Dhcp","Running",,,"True","OK","264","C:\Windows\system32\svchost.exe -k LocalServiceNetworkRestricted -p",
"DC-SRV01","Microsoft (R) Diagnostics Hub Standard Collector Service","diagnosticshub.standardcollector.service","Stopped",,,"False","OK","0","C:\Windows\system32\DiagSvcs\DiagnosticsHub.StandardCollector.Service.exe",
"DC-SRV01","Connected User Experiences and Telemetry","DiagTrack","Stopped",,,"False","OK","0","C:\Windows\System32\svchost.exe -k utcsvc -p",
"DC-SRV01","Display Policy Service","DispBrokerDesktopSvc","Running",,,"True","OK","332","C:\Windows\system32\svchost.exe -k LocalService -p",
"DC-SRV01","Device Management Enrollment Service","DmEnrollmentSvc","Stopped",,,"False","OK","0","C:\Windows\system32\svchost.exe -k netsvcs -p",
"DC-SRV01","Device Management Wireless Application Protocol (WAP) Push message Routing Service","dmwappushservice","Stopped",,,"False","OK","0","C:\Windows\system32\svchost.exe -k netsvcs -p",
"DC-SRV01","DNS Server","DNS","Running",,,"True","OK","1892","C:\Windows\system32\dns.exe",
"DC-SRV01","DNS Client","Dnscache","Running",,,"True","OK","752","C:\Windows\system32\svchost.exe -k NetworkService -p",
"DC-SRV01","Delivery Optimization","DoSvc","Running",,,"True","OK","1484","C:\Windows\System32\svchost.exe -k NetworkService -p",
"DC-SRV01","Wired AutoConfig","dot3svc","Stopped",,,"False","OK","0","C:\Windows\system32\svchost.exe -k LocalSystemNetworkRestricted -p",
"DC-SRV01","Diagnostic Policy Service","DPS","Running",,,"True","OK","1824","C:\Windows\System32\svchost.exe -k LocalServiceNoNetwork -p",
"DC-SRV01","Device Setup Manager","DsmSvc","Stopped",,,"False","OK","0","C:\Windows\system32\svchost.exe -k netsvcs -p",
"DC-SRV01","DS Role Server","DsRoleSvc","Stopped",,,"False","OK","0","C:\Windows\System32\lsass.exe",
"DC-SRV01","Data Sharing Service","DsSvc","Running",,,"True","OK","480","C:\Windows\System32\svchost.exe -k LocalSystemNetworkRestricted -p",
"DC-SRV01","Extensible Authentication Protocol","EapHost","Stopped",,,"False","OK","0","C:\Windows\System32\svchost.exe -k netsvcs -p",
"DC-SRV01","Microsoft Edge Update Service (edgeupdate)","edgeupdate","Running",,,"True","OK","5392","""C:\Program Files (x86)\Microsoft\EdgeUpdate\MicrosoftEdgeUpdate.exe"" /svc",
"DC-SRV01","Microsoft Edge Update Service (edgeupdatem)","edgeupdatem","Stopped",,,"False","OK","0","""C:\Program Files (x86)\Microsoft\EdgeUpdate\MicrosoftEdgeUpdate.exe"" /medsvc",
"DC-SRV01","Encrypting File System (EFS)","EFS","Stopped",,,"False","OK","0","C:\Windows\System32\lsass.exe",
"DC-SRV01","Embedded Mode","embeddedmode","Stopped",,,"False","OK","0","C:\Windows\System32\svchost.exe -k LocalSystemNetworkRestricted -p",
"DC-SRV01","Enterprise App Management Service","EntAppSvc","Stopped",,,"False","OK","0","C:\Windows\system32\svchost.exe -k appmodel -p",
"DC-SRV01","Windows Event Log","EventLog","Running",,,"True","OK","264","C:\Windows\System32\svchost.exe -k LocalServiceNetworkRestricted -p",
"DC-SRV01","COM+ Event System","EventSystem","Running",,,"True","OK","332","C:\Windows\system32\svchost.exe -k LocalService -p",
"DC-SRV01","Function Discovery Provider Host","fdPHost","Stopped",,,"False","OK","0","C:\Windows\system32\svchost.exe -k LocalService -p",
"DC-SRV01","Function Discovery Resource Publication","FDResPub","Stopped",,,"False","OK","0","C:\Windows\system32\svchost.exe -k LocalServiceAndNoImpersonation -p",
"DC-SRV01","Windows Font Cache Service","FontCache","Running",,,"True","OK","332","C:\Windows\system32\svchost.exe -k LocalService -p",
"DC-SRV01","Windows Presentation Foundation Font Cache 3.0.0.0","FontCache3.0.0.0","Stopped",,,"False","OK","0","C:\Windows\Microsoft.Net\Framework64\v3.0\WPF\PresentationFontCache.exe",
"DC-SRV01","Windows Camera Frame Server","FrameServer","Stopped",,,"False","OK","0","C:\Windows\System32\svchost.exe -k Camera",
"DC-SRV01","Windows Camera Frame Server Monitor","FrameServerMonitor","Stopped",,,"False","OK","0","C:\Windows\System32\svchost.exe -k CameraMonitor",
"DC-SRV01","Group Policy Client","gpsvc","Running",,,"True","OK","1204","C:\Windows\system32\svchost.exe -k netsvcs -p",
"DC-SRV01","GraphicsPerfSvc","GraphicsPerfSvc","Stopped",,,"False","OK","0","C:\Windows\System32\svchost.exe -k GraphicsPerfSvcGroup",
"DC-SRV01","Human Interface Device Service","hidserv","Stopped",,,"False","OK","0","C:\Windows\system32\svchost.exe -k LocalSystemNetworkRestricted -p",
"DC-SRV01","HV Host Service","HvHost","Stopped",,,"False","OK","0","C:\Windows\system32\svchost.exe -k LocalSystemNetworkRestricted -p",
"DC-SRV01","IKE and AuthIP IPsec Keying Modules","IKEEXT","Running",,,"True","OK","1204","C:\Windows\system32\svchost.exe -k netsvcs -p",
"DC-SRV01","Microsoft Store Install Service","InstallService","Stopped",,,"False","OK","0","C:\Windows\System32\svchost.exe -k netsvcs -p",
"DC-SRV01","IP Helper","iphlpsvc","Running",,,"True","OK","1204","C:\Windows\System32\svchost.exe -k NetSvcs -p",
"DC-SRV01","Intersite Messaging","IsmServ","Running",,,"True","OK","1976","C:\Windows\System32\ismserv.exe",
"DC-SRV01","Kerberos Key Distribution Center","Kdc","Running",,,"True","OK","620","C:\Windows\System32\lsass.exe",
"DC-SRV01","Microsoft Key Distribution Service","KdsSvc","Stopped",,,"False","OK","0","C:\Windows\system32\lsass.exe",
"DC-SRV01","CNG Key Isolation","KeyIso","Running",,,"True","OK","620","C:\Windows\system32\lsass.exe",
"DC-SRV01","KDC Proxy Server service (KPS)","KPSSVC","Stopped",,,"False","OK","0","C:\Windows\system32\svchost.exe -k KpsSvcGroup",
"DC-SRV01","KtmRm for Distributed Transaction Coordinator","KtmRm","Stopped",,,"False","OK","0","C:\Windows\System32\svchost.exe -k NetworkServiceAndNoImpersonation -p",
"DC-SRV01","Server","LanmanServer","Running",,,"True","OK","2016","C:\Windows\System32\svchost.exe -k smbsvcs",
"DC-SRV01","Workstation","LanmanWorkstation","Running",,,"True","OK","752","C:\Windows\System32\svchost.exe -k NetworkService -p",
"DC-SRV01","Geolocation Service","lfsvc","Stopped",,,"False","OK","0","C:\Windows\system32\svchost.exe -k netsvcs -p",
"DC-SRV01","Windows License Manager Service","LicenseManager","Running",,,"True","OK","332","C:\Windows\System32\svchost.exe -k LocalService -p",
"DC-SRV01","Link-Layer Topology Discovery Mapper","lltdsvc","Stopped",,,"False","OK","0","C:\Windows\System32\svchost.exe -k LocalService -p",
"DC-SRV01","TCP/IP NetBIOS Helper","lmhosts","Running",,,"True","OK","264","C:\Windows\System32\svchost.exe -k LocalServiceNetworkRestricted -p",
"DC-SRV01","Local Session Manager","LSM","Running",,,"True","OK","808","C:\Windows\system32\svchost.exe -k DcomLaunch -p",
"DC-SRV01","Downloaded Maps Manager","MapsBroker","Stopped",,,"False","OK","0","C:\Windows\System32\svchost.exe -k NetworkService -p",
"DC-SRV01","McpManagementService","McpManagementService","Stopped",,,"False","OK","0","C:\Windows\system32\svchost.exe -k McpManagementServiceGroup",
"DC-SRV01","Microsoft Edge Elevation Service (MicrosoftEdgeElevationService)","MicrosoftEdgeElevationService","Stopped",,,"False","OK","0","""C:\Program Files (x86)\Microsoft\Edge\Application\126.0.2592.56\elevation_service.exe""",
"DC-SRV01","Windows Defender Firewall","mpssvc","Running",,,"True","OK","1084","C:\Windows\system32\svchost.exe -k LocalServiceNoNetworkFirewall -p",
"DC-SRV01","Distributed Transaction Coordinator","MSDTC","Running",,,"True","OK","968","C:\Windows\System32\msdtc.exe",
"DC-SRV01","Microsoft iSCSI Initiator Service","MSiSCSI","Stopped",,,"False","OK","0","C:\Windows\system32\svchost.exe -k netsvcs -p",
"DC-SRV01","Windows Installer","msiserver","Stopped",,,"False","OK","0","C:\Windows\system32\msiexec.exe /V",
"DC-SRV01","Network Connectivity Assistant","NcaSvc","Stopped",,,"False","OK","0","C:\Windows\System32\svchost.exe -k NetSvcs -p",
"DC-SRV01","Network Connection Broker","NcbService","Running",,,"True","OK","480","C:\Windows\System32\svchost.exe -k LocalSystemNetworkRestricted -p",
"DC-SRV01","Netlogon","Netlogon","Running",,,"True","OK","620","C:\Windows\system32\lsass.exe",
"DC-SRV01","Network Connections","Netman","Stopped",,,"False","OK","0","C:\Windows\System32\svchost.exe -k LocalSystemNetworkRestricted -p",
"DC-SRV01","Network List Service","netprofm","Running",,,"True","OK","332","C:\Windows\System32\svchost.exe -k LocalService -p",
"DC-SRV01","Network Setup Service","NetSetupSvc","Running",,,"True","OK","1204","C:\Windows\System32\svchost.exe -k netsvcs -p",
"DC-SRV01","Net.Tcp Port Sharing Service","NetTcpPortSharing","Stopped",,,"False","OK","0","C:\Windows\Microsoft.NET\Framework64\v4.0.30319\SMSvcHost.exe",
"DC-SRV01","Microsoft Passport Container","NgcCtnrSvc","Stopped",,,"False","OK","0","C:\Windows\system32\svchost.exe -k LocalServiceNetworkRestricted -p",
"DC-SRV01","Microsoft Passport","NgcSvc","Stopped",,,"False","OK","0","C:\Windows\system32\svchost.exe -k LocalSystemNetworkRestricted -p",
"DC-SRV01","Network Location Awareness","NlaSvc","Running",,,"True","OK","752","C:\Windows\System32\svchost.exe -k NetworkService -p",
"DC-SRV01","Network Store Interface Service","nsi","Running",,,"True","OK","332","C:\Windows\system32\svchost.exe -k LocalService -p",
"DC-SRV01","Active Directory Domain Services","NTDS","Running",,,"True","OK","620","C:\Windows\System32\lsass.exe",
"DC-SRV01","File Replication","NtFrs","Stopped",,,"False","OK","0","C:\Windows\system32\ntfrs.exe",
"DC-SRV01","Program Compatibility Assistant Service","PcaSvc","Running",,,"True","OK","480","C:\Windows\system32\svchost.exe -k LocalSystemNetworkRestricted -p",
"DC-SRV01","Performance Counter DLL Host","PerfHost","Stopped",,,"False","OK","0","C:\Windows\SysWow64\perfhost.exe",
"DC-SRV01","Performance Logs & Alerts","pla","Stopped",,,"False","OK","0","C:\Windows\System32\svchost.exe -k LocalServiceNoNetwork -p",
"DC-SRV01","Plug and Play","PlugPlay","Running",,,"True","OK","808","C:\Windows\system32\svchost.exe -k DcomLaunch -p",
"DC-SRV01","IPsec Policy Agent","PolicyAgent","Stopped",,,"False","OK","0","C:\Windows\system32\svchost.exe -k NetworkServiceNetworkRestricted -p",
"DC-SRV01","Power","Power","Running",,,"True","OK","808","C:\Windows\system32\svchost.exe -k DcomLaunch -p",
"DC-SRV01","Printer Extensions and Notifications","PrintNotify","Stopped",,,"False","OK","0","C:\Windows\system32\svchost.exe -k print",
"DC-SRV01","User Profile Service","ProfSvc","Running",,,"True","OK","1204","C:\Windows\system32\svchost.exe -k netsvcs -p",
"DC-SRV01","Windows PushToInstall Service","PushToInstall","Stopped",,,"False","OK","0","C:\Windows\System32\svchost.exe -k netsvcs -p",
"DC-SRV01","Quality Windows Audio Video Experience","QWAVE","Stopped",,,"False","OK","0","C:\Windows\system32\svchost.exe -k LocalServiceAndNoImpersonation -p",
"DC-SRV01","Remote Access Auto Connection Manager","RasAuto","Stopped",,,"False","OK","0","C:\Windows\System32\svchost.exe -k netsvcs -p",
"DC-SRV01","Remote Access Connection Manager","RasMan","Running",,,"True","OK","2248","C:\Windows\System32\svchost.exe -k netsvcs",
"DC-SRV01","Routing and Remote Access","RemoteAccess","Stopped",,,"False","OK","0","C:\Windows\System32\svchost.exe -k netsvcs",
"DC-SRV01","Remote Registry","RemoteRegistry","Stopped",,,"False","OK","0","C:\Windows\system32\svchost.exe -k localService -p",
"DC-SRV01","Radio Management Service","RmSvc","Stopped",,,"False","OK","0","C:\Windows\System32\svchost.exe -k LocalServiceNetworkRestricted",
"DC-SRV01","RPC Endpoint Mapper","RpcEptMapper","Running",,,"True","OK","868","C:\Windows\system32\svchost.exe -k RPCSS -p",
"DC-SRV01","Remote Procedure Call (RPC) Locator","RpcLocator","Stopped",,,"False","OK","0","C:\Windows\system32\locator.exe",
"DC-SRV01","Remote Procedure Call (RPC)","RpcSs","Running",,,"True","OK","868","C:\Windows\system32\svchost.exe -k rpcss -p",
"DC-SRV01","Resultant Set of Policy Provider","RSoPProv","Stopped",,,"False","OK","0","C:\Windows\system32\RSoPProv.exe",
"DC-SRV01","Special Administration Console Helper","sacsvr","Stopped",,,"False","OK","0","C:\Windows\System32\svchost.exe -k netsvcs -p",
"DC-SRV01","Security Accounts Manager","SamSs","Running",,,"True","OK","620","C:\Windows\system32\lsass.exe",
"DC-SRV01","Smart Card","SCardSvr","Stopped",,,"False","OK","0","C:\Windows\system32\svchost.exe -k LocalServiceAndNoImpersonation",
"DC-SRV01","Smart Card Device Enumeration Service","ScDeviceEnum","Stopped",,,"False","OK","0","C:\Windows\system32\svchost.exe -k LocalSystemNetworkRestricted",
"DC-SRV01","Task Scheduler","Schedule","Running",,,"True","OK","1204","C:\Windows\system32\svchost.exe -k netsvcs -p",
"DC-SRV01","Smart Card Removal Policy","SCPolicySvc","Stopped",,,"False","OK","0","C:\Windows\system32\svchost.exe -k netsvcs",
"DC-SRV01","Secondary Logon","seclogon","Stopped",,,"False","OK","0","C:\Windows\system32\svchost.exe -k netsvcs -p",
"DC-SRV01","Windows Security Service","SecurityHealthService","Stopped",,,"False","OK","0","C:\Windows\system32\SecurityHealthService.exe",
"DC-SRV01","Payments and NFC/SE Manager","SEMgrSvc","Stopped",,,"False","OK","0","C:\Windows\system32\svchost.exe -k LocalService -p",
"DC-SRV01","System Event Notification Service","SENS","Running",,,"True","OK","1204","C:\Windows\system32\svchost.exe -k netsvcs -p",
"DC-SRV01","Windows Defender Advanced Threat Protection Service","Sense","Stopped",,,"False","OK","0","""C:\Program Files\Windows Defender Advanced Threat Protection\MsSense.exe""",
"DC-SRV01","Sensor Data Service","SensorDataService","Stopped",,,"False","OK","0","C:\Windows\System32\SensorDataService.exe",
"DC-SRV01","Sensor Service","SensorService","Stopped",,,"False","OK","0","C:\Windows\system32\svchost.exe -k LocalSystemNetworkRestricted -p",
"DC-SRV01","Sensor Monitoring Service","SensrSvc","Stopped",,,"False","OK","0","C:\Windows\system32\svchost.exe -k LocalServiceAndNoImpersonation -p",
"DC-SRV01","Remote Desktop Configuration","SessionEnv","Stopped",,,"False","OK","0","C:\Windows\System32\svchost.exe -k netsvcs -p",
"DC-SRV01","System Guard Runtime Monitor Broker","SgrmBroker","Stopped",,,"False","OK","0","C:\Windows\system32\SgrmBroker.exe",
"DC-SRV01","Internet Connection Sharing (ICS)","SharedAccess","Stopped",,,"False","OK","0","C:\Windows\System32\svchost.exe -k netsvcs -p",
"DC-SRV01","Shell Hardware Detection","ShellHWDetection","Running",,,"True","OK","1204","C:\Windows\System32\svchost.exe -k netsvcs -p",
"DC-SRV01","Shared PC Account Manager","shpamsvc","Stopped",,,"False","OK","0","C:\Windows\System32\svchost.exe -k netsvcs -p",
"DC-SRV01","Microsoft Storage Spaces SMP","smphost","Stopped",,,"False","OK","0","C:\Windows\System32\svchost.exe -k smphost",
"DC-SRV01","SNMP Trap","SNMPTRAP","Stopped",,,"False","OK","0","C:\Windows\System32\snmptrap.exe",
"DC-SRV01","Print Spooler","Spooler","Running",,,"True","OK","1436","C:\Windows\System32\spoolsv.exe",
"DC-SRV01","Software Protection","sppsvc","Running",,,"True","OK","212","C:\Windows\system32\sppsvc.exe",
"DC-SRV01","SSDP Discovery","SSDPSRV","Stopped",,,"False","OK","0","C:\Windows\system32\svchost.exe -k LocalServiceAndNoImpersonation -p",
"DC-SRV01","OpenSSH Authentication Agent","ssh-agent","Stopped",,,"False","OK","0","C:\Windows\System32\OpenSSH\ssh-agent.exe",
"DC-SRV01","Secure Socket Tunneling Protocol Service","SstpSvc","Running",,,"True","OK","332","C:\Windows\system32\svchost.exe -k LocalService -p",
"DC-SRV01","State Repository Service","StateRepository","Running",,,"True","OK","8","C:\Windows\system32\svchost.exe -k appmodel -p",
"DC-SRV01","Windows Image Acquisition (WIA)","StiSvc","Stopped",,,"False","OK","0","C:\Windows\system32\svchost.exe -k imgsvc",
"DC-SRV01","Storage Service","StorSvc","Running",,,"True","OK","480","C:\Windows\System32\svchost.exe -k LocalSystemNetworkRestricted -p",
"DC-SRV01","Spot Verifier","svsvc","Stopped",,,"False","OK","0","C:\Windows\system32\svchost.exe -k LocalSystemNetworkRestricted -p",
"DC-SRV01","Microsoft Software Shadow Copy Provider","swprv","Stopped",,,"False","OK","0","C:\Windows\System32\svchost.exe -k swprv",
"DC-SRV01","SysMain","SysMain","Running",,,"True","OK","480","C:\Windows\system32\svchost.exe -k LocalSystemNetworkRestricted -p",
"DC-SRV01","System Events Broker","SystemEventsBroker","Running",,,"True","OK","808","C:\Windows\system32\svchost.exe -k DcomLaunch -p",
"DC-SRV01","Touch Keyboard and Handwriting Panel Service","TabletInputService","Running",,,"True","OK","480","C:\Windows\System32\svchost.exe -k LocalSystemNetworkRestricted -p",
"DC-SRV01","Telephony","tapisrv","Stopped",,,"False","OK","0","C:\Windows\System32\svchost.exe -k NetworkService -p",
"DC-SRV01","Remote Desktop Services","TermService","Stopped",,,"False","OK","0","C:\Windows\System32\svchost.exe -k termsvcs",
"DC-SRV01","Themes","Themes","Running",,,"True","OK","1204","C:\Windows\System32\svchost.exe -k netsvcs -p",
"DC-SRV01","Storage Tiers Management","TieringEngineService","Stopped",,,"False","OK","0","C:\Windows\system32\TieringEngineService.exe",
"DC-SRV01","Time Broker","TimeBrokerSvc","Running",,,"True","OK","264","C:\Windows\system32\svchost.exe -k LocalServiceNetworkRestricted -p",
"DC-SRV01","Web Account Manager","TokenBroker","Running",,,"True","OK","1204","C:\Windows\system32\svchost.exe -k netsvcs -p",
"DC-SRV01","Distributed Link Tracking Client","TrkWks","Stopped",,,"False","OK","0","C:\Windows\System32\svchost.exe -k LocalSystemNetworkRestricted -p",
"DC-SRV01","Windows Modules Installer","TrustedInstaller","Running",,,"True","OK","5816","C:\Windows\servicing\TrustedInstaller.exe",
"DC-SRV01","Auto Time Zone Updater","tzautoupdate","Stopped",,,"False","OK","0","C:\Windows\system32\svchost.exe -k LocalService -p",
"DC-SRV01","User Access Logging Service","UALSVC","Running",,,"True","OK","480","C:\Windows\system32\svchost.exe -k LocalSystemNetworkRestricted -p",
"DC-SRV01","User Experience Virtualization Service","UevAgentService","Stopped",,,"False","OK","0","C:\Windows\system32\AgentService.exe",
"DC-SRV01","Remote Desktop Services UserMode Port Redirector","UmRdpService","Stopped",,,"False","OK","0","C:\Windows\System32\svchost.exe -k LocalSystemNetworkRestricted -p",
"DC-SRV01","UPnP Device Host","upnphost","Stopped",,,"False","OK","0","C:\Windows\system32\svchost.exe -k LocalServiceAndNoImpersonation -p",
"DC-SRV01","User Manager","UserManager","Running",,,"True","OK","1204","C:\Windows\system32\svchost.exe -k netsvcs -p",
"DC-SRV01","Update Orchestrator Service","UsoSvc","Running",,,"True","OK","1204","C:\Windows\system32\svchost.exe -k netsvcs -p",
"DC-SRV01","Credential Manager","VaultSvc","Stopped",,,"False","OK","0","C:\Windows\system32\lsass.exe",
"DC-SRV01","Virtual Disk","vds","Running",,,"True","OK","2700","C:\Windows\System32\vds.exe",
"DC-SRV01","VMware Alias Manager and Ticket Service","VGAuthService","Running",,,"True","OK","2080","""C:\Program Files\VMware\VMware Tools\VMware VGAuth\VGAuthService.exe""",
"DC-SRV01","VMware SVGA Helper Service","VM3DService","Running",,,"True","OK","2104","C:\Windows\system32\vm3dservice.exe",
"DC-SRV01","Hyper-V Guest Service Interface","vmicguestinterface","Stopped",,,"False","OK","0","C:\Windows\system32\svchost.exe -k LocalSystemNetworkRestricted -p",
"DC-SRV01","Hyper-V Heartbeat Service","vmicheartbeat","Stopped",,,"False","OK","0","C:\Windows\system32\svchost.exe -k ICService -p",
"DC-SRV01","Hyper-V Data Exchange Service","vmickvpexchange","Stopped",,,"False","OK","0","C:\Windows\system32\svchost.exe -k LocalSystemNetworkRestricted -p",
"DC-SRV01","Hyper-V Guest Shutdown Service","vmicshutdown","Stopped",,,"False","OK","0","C:\Windows\system32\svchost.exe -k LocalSystemNetworkRestricted -p",
"DC-SRV01","Hyper-V Time Synchronization Service","vmictimesync","Stopped",,,"False","OK","0","C:\Windows\system32\svchost.exe -k LocalServiceNetworkRestricted -p",
"DC-SRV01","Hyper-V PowerShell Direct Service","vmicvmsession","Stopped",,,"False","OK","0","C:\Windows\system32\svchost.exe -k LocalSystemNetworkRestricted -p",
"DC-SRV01","Hyper-V Volume Shadow Copy Requestor","vmicvss","Stopped",,,"False","OK","0","C:\Windows\system32\svchost.exe -k LocalSystemNetworkRestricted -p",
"DC-SRV01","VMware Tools","VMTools","Running",,,"True","OK","2124","""C:\Program Files\VMware\VMware Tools\vmtoolsd.exe""",
"DC-SRV01","Volume Shadow Copy","VSS","Stopped",,,"False","OK","0","C:\Windows\system32\vssvc.exe",
"DC-SRV01","Windows Time","W32Time","Running",,,"True","OK","1020","C:\Windows\system32\svchost.exe -k LocalService",
"DC-SRV01","W3C Logging Service","w3logsvc","Stopped",,,"False","OK","0","C:\Windows\system32\svchost.exe -k apphost",
"DC-SRV01","Windows Update Medic Service","WaaSMedicSvc","Stopped",,,"False","OK","0","C:\Windows\system32\svchost.exe -k wusvcs -p",
"DC-SRV01","WalletService","WalletService","Stopped",,,"False","OK","0","C:\Windows\System32\svchost.exe -k appmodel -p",
"DC-SRV01","Warp JIT Service","WarpJITSvc","Stopped",,,"False","OK","0","C:\Windows\System32\svchost.exe -k LocalServiceNetworkRestricted",
"DC-SRV01","Windows Process Activation Service","WAS","Stopped",,,"False","OK","0","C:\Windows\system32\svchost.exe -k iissvcs",
"DC-SRV01","Windows Biometric Service","WbioSrvc","Stopped",,,"False","OK","0","C:\Windows\system32\svchost.exe -k WbioSvcGroup",
"DC-SRV01","Windows Connection Manager","Wcmsvc","Running",,,"True","OK","1280","C:\Windows\system32\svchost.exe -k LocalServiceNetworkRestricted -p",
"DC-SRV01","Diagnostic Service Host","WdiServiceHost","Stopped",,,"False","OK","0","C:\Windows\System32\svchost.exe -k LocalService -p",
"DC-SRV01","Diagnostic System Host","WdiSystemHost","Running",,,"True","OK","480","C:\Windows\System32\svchost.exe -k LocalSystemNetworkRestricted -p",
"DC-SRV01","Microsoft Defender Antivirus Network Inspection Service","WdNisSvc","Stopped",,,"False","OK","0","""C:\Program Files\Windows Defender\NisSrv.exe""",
"DC-SRV01","Windows Event Collector","Wecsvc","Running",,,"True","OK","752","C:\Windows\system32\svchost.exe -k NetworkService -p",
"DC-SRV01","Windows Encryption Provider Host Service","WEPHOSTSVC","Stopped",,,"False","OK","0","C:\Windows\system32\svchost.exe -k WepHostSvcGroup",
"DC-SRV01","Problem Reports Control Panel Support","wercplsupport","Stopped",,,"False","OK","0","C:\Windows\System32\svchost.exe -k netsvcs -p",
"DC-SRV01","Windows Error Reporting Service","WerSvc","Stopped",,,"False","OK","0","C:\Windows\System32\svchost.exe -k WerSvcGroup",
"DC-SRV01","Still Image Acquisition Events","WiaRpc","Stopped",,,"False","OK","0","C:\Windows\system32\svchost.exe -k LocalSystemNetworkRestricted -p",
"DC-SRV01","Microsoft Defender Antivirus Service","WinDefend","Stopped",,,"False","OK","0","""C:\Program Files\Windows Defender\MsMpEng.exe""",
"DC-SRV01","WinHTTP Web Proxy Auto-Discovery Service","WinHttpAutoProxySvc","Running",,,"True","OK","264","C:\Windows\system32\svchost.exe -k LocalServiceNetworkRestricted -p",
"DC-SRV01","Windows Management Instrumentation","Winmgmt","Running",,,"True","OK","1204","C:\Windows\system32\svchost.exe -k netsvcs -p",
"DC-SRV01","Windows Remote Management (WS-Management)","WinRM","Running",,,"True","OK","752","C:\Windows\System32\svchost.exe -k NetworkService -p",
"DC-SRV01","WINS","WINS","Running",,,"True","OK","2164","C:\Windows\System32\wins.exe",
"DC-SRV01","Windows Insider Service","wisvc","Stopped",,,"False","OK","0","C:\Windows\system32\svchost.exe -k netsvcs -p",
"DC-SRV01","Microsoft Account Sign-in Assistant","wlidsvc","Running",,,"True","OK","1204","C:\Windows\system32\svchost.exe -k netsvcs -p",
"DC-SRV01","WMI Performance Adapter","wmiApSrv","Running",,,"True","OK","5956","C:\Windows\system32\wbem\WmiApSrv.exe",
"DC-SRV01","Windows Media Player Network Sharing Service","WMPNetworkSvc","Stopped",,,"False","OK","0","""C:\Program Files\Windows Media Player\wmpnetwk.exe""",
"DC-SRV01","Portable Device Enumerator Service","WPDBusEnum","Running",,,"True","OK","1916","C:\Windows\system32\svchost.exe -k LocalSystemNetworkRestricted",
"DC-SRV01","Windows Push Notifications System Service","WpnService","Running",,,"True","OK","1204","C:\Windows\system32\svchost.exe -k netsvcs -p",
"DC-SRV01","Windows Search","WSearch","Stopped",,,"False","OK","0","C:\Windows\system32\SearchIndexer.exe /Embedding",
"DC-SRV01","Windows Update","wuauserv","Running",,,"True","OK","1204","C:\Windows\system32\svchost.exe -k netsvcs -p",
"DC-SRV01","CaptureService_5f5f5","CaptureService_5f5f5","Stopped",,,"False","OK","0","C:\Windows\system32\svchost.exe -k LocalService -p",
"DC-SRV01","Clipboard User Service_5f5f5","cbdhsvc_5f5f5","Running",,,"True","OK","3044","C:\Windows\system32\svchost.exe -k ClipboardSvcGroup -p",
"DC-SRV01","Connected Devices Platform User Service_5f5f5","CDPUserSvc_5f5f5","Running",,,"True","OK","3728","C:\Windows\system32\svchost.exe -k UnistackSvcGroup",
"DC-SRV01","ConsentUX User Service_5f5f5","ConsentUxUserSvc_5f5f5","Stopped",,,"False","OK","0","C:\Windows\system32\svchost.exe -k DevicesFlow",
"DC-SRV01","CredentialEnrollmentManagerUserSvc_5f5f5","CredentialEnrollmentManagerUserSvc_5f5f5","Stopped",,,"False","OK","0","C:\Windows\system32\CredentialEnrollmentManager.exe",
"DC-SRV01","DeviceAssociationBroker_5f5f5","DeviceAssociationBrokerSvc_5f5f5","Stopped",,,"False","OK","0","C:\Windows\system32\svchost.exe -k DevicesFlow -p",
"DC-SRV01","DevicePicker_5f5f5","DevicePickerUserSvc_5f5f5","Stopped",,,"False","OK","0","C:\Windows\system32\svchost.exe -k DevicesFlow",
"DC-SRV01","DevicesFlow_5f5f5","DevicesFlowUserSvc_5f5f5","Stopped",,,"False","OK","0","C:\Windows\system32\svchost.exe -k DevicesFlow",
"DC-SRV01","Contact Data_5f5f5","PimIndexMaintenanceSvc_5f5f5","Stopped",,,"False","OK","0","C:\Windows\system32\svchost.exe -k UnistackSvcGroup",
"DC-SRV01","PrintWorkflow_5f5f5","PrintWorkflowUserSvc_5f5f5","Stopped",,,"False","OK","0","C:\Windows\system32\svchost.exe -k PrintWorkflow",
"DC-SRV01","Udk User Service_5f5f5","UdkUserSvc_5f5f5","Stopped",,,"False","OK","0","C:\Windows\system32\svchost.exe -k UdkSvcGroup",
"DC-SRV01","User Data Storage_5f5f5","UnistoreSvc_5f5f5","Stopped",,,"False","OK","0","C:\Windows\System32\svchost.exe -k UnistackSvcGroup",
"DC-SRV01","User Data Access_5f5f5","UserDataSvc_5f5f5","Stopped",,,"False","OK","0","C:\Windows\system32\svchost.exe -k UnistackSvcGroup",
"DC-SRV01","Windows Push Notifications User Service_5f5f5","WpnUserService_5f5f5","Running",,,"True","OK","3728","C:\Windows\system32\svchost.exe -k UnistackSvcGroup",
